gdp_per_capita,social_support,health_life_expectancy,freedom,perceptions_of_corruption,year,score_real,score_predicho,is_train,is_test
1.39651,1.34951,0.94143,0.66557,0.41978,2015,7.587,7.238844351622504,1,0
1.30232,1.40223,0.94784,0.62877,0.14145,2015,7.561,6.950650632991625,1,0
1.32548,1.36058,0.87464,0.64938,0.48357,2015,7.527,7.117648200570073,0,1
1.459,1.33095,0.88521,0.66973,0.36503,2015,7.522,7.199307046567299,1,0
1.32629,1.32261,0.90563,0.63297,0.32957,2015,7.427,6.9961981430091384,1,0
1.29025,1.31826,0.88911,0.64169,0.41372,2015,7.406,7.005577427040606,1,0
1.32944,1.28017,0.89284,0.61576,0.31814,2015,7.378,6.918008473397521,0,1
1.33171,1.28907,0.91087,0.6598,0.43844,2015,7.364,7.093483798643035,0,1
1.25018,1.31967,0.90837,0.63938,0.42922,2015,7.286,6.992215901818241,1,0
1.33358,1.30923,0.93156,0.65124,0.35637,2015,7.284,7.067026834640416,1,0
1.22857,1.22393,0.91387,0.41319,0.07785,2015,7.278,6.32102862635449,0,1
0.95578,1.23788,0.86027,0.63376,0.10583,2015,7.226,6.348199896110515,1,0
1.33723,1.29704,0.89042,0.62433,0.18676,2015,7.2,6.864430620593168,1,0
1.02054,0.91451,0.81444,0.48181,0.21312,2015,7.187,5.945518472088338,1,0
1.39451,1.24711,0.86179,0.54604,0.1589,2015,7.119,6.714591968590042,1,0
0.98124,1.23287,0.69702,0.49049,0.17521,2015,6.983,6.0178720114884925,1,0
1.56391,1.21963,0.91894,0.61583,0.37798,2015,6.946,7.182508261193874,1,0
1.33596,1.36948,0.89533,0.61777,0.28703,2015,6.94,6.980987550254866,1,0
1.30782,1.28566,0.89667,0.5845,0.2254,2015,6.937,6.795097675503513,1,0
1.42727,1.12575,0.80925,0.64157,0.38583,2015,6.901,6.891609539103058,1,0
1.26637,1.28548,0.90943,0.59625,0.32067,2015,6.867,6.845761589924365,1,0
1.36011,1.08182,0.76276,0.63274,0.32524,2015,6.853,6.683176680541635,1,0
1.04424,1.25596,0.72052,0.42908,0.11069,2015,6.81,5.990401360345828,1,0
1.52186,1.02,1.02525,0.54252,0.4921,2015,6.798,7.056854653342668,0,1
1.06353,1.1985,0.79661,0.5421,0.0927,2015,6.786,6.210456046448172,0,1
1.32792,1.29937,0.89186,0.61477,0.21843,2015,6.75,6.863983595395382,1,0
1.10715,1.12447,0.85857,0.44132,0.12869,2015,6.67,6.132241886259777,1,0
1.69042,1.0786,0.79733,0.6404,0.52208,2015,6.611,7.203425832005763,1,0
1.27778,1.26038,0.94579,0.55011,0.20646,2015,6.575,6.731379261190284,0,1
1.05351,1.24823,0.78723,0.44974,0.08484,2015,6.574,6.081276030763945,1,0
1.17898,1.20643,0.84483,0.46364,0.02652,2015,6.505,6.225123095045888,0,1
1.06166,1.2089,0.8116,0.60362,0.24558,2015,6.485,6.427771160015823,0,1
0.91861,1.24018,0.69077,0.53466,0.0512,2015,6.477,5.938840063758363,1,0
0.9669,1.26504,0.7385,0.55664,0.03187,2015,6.455,6.082012118290379,0,1
1.39541,1.08393,0.72025,0.31048,0.32524,2015,6.411,6.177555935983889,1,0
1.23011,1.31379,0.95562,0.45951,0.06398,2015,6.329,6.501485510288887,1,0
1.2074,1.30203,0.88721,0.60365,0.13586,2015,6.302,6.664077867230418,1,0
1.29098,1.07617,0.8753,0.3974,0.08129,2015,6.298,6.205420709296703,1,0
1.55422,1.16594,0.72492,0.55499,0.25609,2015,6.295,6.74629215535569,1,0
0.99534,0.972,0.6082,0.59657,0.13633,2015,6.269,5.868679277528258,0,1
1.21183,1.18354,0.61483,0.55884,0.0114,2015,6.168,6.129612723973338,1,0
0.76454,1.02507,0.67737,0.4035,0.11776,2015,6.13,5.433833982811109,0,1
0.74553,1.04356,0.64425,0.57733,0.09472,2015,6.123,5.646417020253978,1,0
0.63244,1.34043,0.59772,0.65821,0.30826,2015,6.003,5.977032090154722,1,0
1.16891,1.26999,0.78902,0.31751,0.03431,2015,5.995,5.983651462553638,0,1
1.27074,1.25712,0.99111,0.49615,0.1806,2015,5.987,6.67023475505448,1,0
1.24461,0.95774,0.96538,0.33208,0.07857,2015,5.984,6.058062633529744,1,0
0.86402,0.99903,0.79075,0.48574,0.1809,2015,5.975,5.808246637363823,1,0
1.32376,1.21624,0.74716,0.45492,0.306,2015,5.96,6.447223264614877,1,0
1.25114,1.19777,0.95446,0.26236,0.02901,2015,5.948,6.10285593450277,0,1
0.68133,0.97841,0.5392,0.57414,0.088,2015,5.89,5.40474010763586,1,0
0.59448,1.01528,0.61826,0.32818,0.01615,2015,5.889,5.001691213032359,0,1
0.75985,1.30477,0.66098,0.53899,0.08242,2015,5.878,5.818852466420907,1,0
1.12254,1.12241,0.64368,0.51649,0.08454,2015,5.855,6.0014295982318515,1,0
1.18498,1.27385,0.87337,0.60855,0.03787,2015,5.848,6.547034505226918,0,1
1.14723,1.25745,0.73128,0.21342,0.01031,2015,5.833,5.712005779443615,0,1
0.59325,1.14184,0.74314,0.55475,0.19317,2015,5.828,5.701429438695641,0,1
0.90019,0.97459,0.73017,0.41496,0.05989,2015,5.824,5.5727759427110755,1,0
1.03192,1.23289,0.73608,0.37938,0.1909,2015,5.813,5.9516141594143335,1,0
1.12555,1.27948,0.77903,0.53122,0.04212,2015,5.791,6.270482385859793,1,0
1.12486,1.07023,0.72394,0.53024,0.10501,2015,5.77,6.0840781882534145,0,1
1.08254,0.79624,0.78805,0.25883,0.0243,2015,5.759,5.420326637596702,1,0
1.13145,1.11862,0.7038,0.41668,0.11023,2015,5.754,5.935304157562143,1,0
1.13764,1.23617,0.66926,0.36679,0.03005,2015,5.716,5.867954345325444,0,1
0.81038,1.15102,0.68741,0.50442,0.02299,2015,5.709,5.686432670145052,1,0
1.20806,1.07008,0.92356,0.49027,0.1428,2015,5.695,6.349889208371707,0,1
0.93929,1.07772,0.61766,0.28579,0.17383,2015,5.605,5.448048056698099,0,1
0.80148,0.81198,0.63132,0.24749,0.04741,2015,5.589,4.9669500045062875,0,1
0.95847,1.22668,0.53886,0.4761,0.30844,2015,5.548,5.882594003874658,1,0
1.00761,0.98521,0.7095,0.56066,0.07521,2015,5.477,5.906255548391698,0,1
1.38604,1.05818,1.01328,0.59608,0.37124,2015,5.474,6.936144896315199,0,1
1.15174,1.22791,0.77361,0.44888,0.15184,2015,5.429,6.195464718176055,1,0
0.82827,1.08708,0.63793,0.46611,0.0,2015,5.399,5.526754771717179,0,1
0.63216,0.91226,0.74676,0.59444,0.10441,2015,5.36,5.567841725254425,0,1
1.06098,0.94632,0.73172,0.22815,0.15746,2015,5.332,5.494966721682317,1,0
0.47428,1.15115,0.65088,0.43477,0.04232,2015,5.286,5.200737194910289,1,0
0.65435,0.90432,0.16007,0.34334,0.0403,2015,5.268,4.519563307229049,0,1
0.77042,1.10395,0.57407,0.53206,0.15445,2015,5.253,5.613194841456789,0,1
1.02389,0.93793,0.64045,0.3703,0.16065,2015,5.212,5.572570283806641,0,1
0.59543,0.41411,0.51466,0.12102,0.10464,2015,5.194,4.152409243355493,0,1
0.90198,1.05392,0.69639,0.40661,0.14293,2015,5.192,5.642085722904454,1,0
0.97438,0.90557,0.72521,0.1826,0.14296,2015,5.192,5.285323774391429,0,1
0.89012,0.94675,0.81658,0.51697,0.02781,2015,5.14,5.770549657570172,0,1
0.47038,0.91612,0.29924,0.48827,0.12468,2015,5.129,4.766418644244965,1,0
1.04345,0.88588,0.7689,0.35068,0.00649,2015,5.124,5.560028262892814,0,1
1.15991,1.13935,0.87519,0.51469,0.01078,2015,5.102,6.253646918032047,1,0
1.11312,1.09562,0.72437,0.29671,0.06332,2015,5.098,5.704181270577237,0,1
0.70532,1.03516,0.58114,0.62545,0.12279,2015,5.073,5.622118246152837,1,0
0.18847,0.95152,0.43873,0.46582,0.39928,2015,5.057,4.7952867606501,1,0
0.73479,0.64095,0.60954,0.41691,0.08546,2015,5.013,5.025086558384487,1,0
0.91851,1.00232,0.73545,0.33457,0.05327,2015,5.007,5.490988349827347,0,1
0.08308,1.02626,0.09131,0.34037,0.15603,2015,4.971,4.015558772005306,1,0
0.87867,0.80434,0.81325,0.35733,0.06413,2015,4.959,5.41923572228859,1,0
0.83223,0.91916,0.79081,0.09245,0.00227,2015,4.949,4.9874521981932105,1,0
0.37545,1.04103,0.07612,0.31767,0.12504,2015,4.898,4.26099100934286,1,0
0.89537,1.17202,0.66825,0.57672,0.14234,2015,4.885,5.960712715116728,1,0
0.59066,0.73803,0.54909,0.59591,0.24249,2015,4.876,5.264955478286481,1,0
0.82819,1.3006,0.60268,0.43626,0.02666,2015,4.874,5.628670880279998,0,1
0.71206,1.07284,0.07566,0.30658,0.0306,2015,4.867,4.558640677905856,1,0
1.15406,0.92933,0.88213,0.07699,0.01397,2015,4.857,5.414383632376655,1,0
1.02564,0.80001,0.83947,0.33916,0.04582,2015,4.839,5.5577378272215014,1,0
1.12094,1.20215,0.75905,0.32112,0.02758,2015,4.8,5.848600327892143,0,1
0.59532,0.95348,0.6951,0.40148,0.06825,2015,4.788,5.184162448012273,1,0
0.39047,0.85563,0.57379,0.47216,0.15072,2015,4.786,4.924407568577578,1,0
0.88113,0.60429,0.73793,0.26268,0.06358,2015,4.739,5.035325072603882,1,0
0.59867,0.92558,0.66015,0.24499,0.12905,2015,4.715,4.925504096230867,1,0
0.39753,0.43106,0.60164,0.4082,0.12569,2015,4.694,4.510859891593697,1,0
1.0088,0.54447,0.69805,0.30033,0.05863,2015,4.686,5.133194493630725,1,0
0.79907,1.20278,0.6739,0.25123,0.02961,2015,4.681,5.3138729334452535,0,1
0.98549,0.81889,0.60237,0.0,0.13788,2015,4.677,4.8097820010005705,0,1
0.92049,1.18468,0.27688,0.33207,0.08884,2015,4.642,5.160159510385995,0,1
0.54558,0.67954,0.40132,0.42342,0.04355,2015,4.633,4.615195567383267,1,0
0.271,1.03276,0.33475,0.25861,0.08079,2015,4.61,4.305175562446578,1,0
0.0712,0.78968,0.34201,0.28531,0.06232,2015,4.571,3.941187550058231,1,0
0.64499,0.38174,0.51529,0.39786,0.08492,2015,4.565,4.594344389670482,1,0
0.52107,1.01404,0.36878,0.10081,0.1466,2015,4.55,4.387504954555027,1,0
0.26673,0.74302,0.38847,0.24425,0.17175,2015,4.518,4.166789677468358,1,0
0.0,1.0012,0.09806,0.22605,0.07625,2015,4.517,3.687480705437565,1,0
0.35997,0.86449,0.56874,0.38282,0.05907,2015,4.514,4.696200670767524,0,1
0.19073,0.60406,0.44055,0.4345,0.15048,2015,4.512,4.314046895121351,1,0
0.33024,0.95571,0.0,0.4084,0.08786,2015,4.507,4.179836969353346,0,1
0.45407,0.86908,0.35874,0.24232,0.17461,2015,4.436,4.428961369745252,1,0
0.36471,0.99876,0.41435,0.42215,0.05839,2015,4.419,4.7005686294263,1,0
0.44025,0.59207,0.36291,0.46074,0.28105,2015,4.369,4.6069463440394145,1,0
0.76821,0.77711,0.7299,0.19847,0.039,2015,4.35,4.93007396475673,1,0
0.99355,1.10464,0.04776,0.49495,0.12474,2015,4.332,5.20030173496454,1,0
0.27108,0.70905,0.48246,0.44017,0.19034,2015,4.307,4.561202954946452,1,0
0.7419,0.38562,0.72926,0.40577,0.38331,2015,4.297,5.137192060763766,1,0
0.01604,0.41134,0.22562,0.43054,0.06977,2015,4.292,3.687578701608061,1,0
0.83524,1.01905,0.70806,0.53726,0.09179,2015,4.271,5.726001410500999,1,0
0.4225,0.88767,0.23402,0.49309,0.05786,2015,4.252,4.587135265811838,1,0
1.01216,1.10614,0.76649,0.30587,0.00872,2015,4.218,5.631162360184419,0,1
0.8818,0.747,0.61712,0.17288,0.06324,2015,4.194,4.879087885974428,0,1
0.54649,0.68093,0.40064,0.35571,0.07854,2015,4.077,4.534665703919899,0,1
0.75778,0.8604,0.16683,0.10384,0.07122,2015,4.033,4.2501591247821295,1,0
0.26074,1.03526,0.20583,0.38857,0.12352,2015,3.995,4.385610900407784,0,1
0.67866,0.6629,0.31051,0.41466,0.11686,2015,3.989,4.6770391820262205,0,1
0.23906,0.79273,0.36315,0.22917,0.199,2015,3.956,4.144252200943612,0,1
0.21102,1.13299,0.33861,0.45727,0.07267,2015,3.931,4.627767276928893,1,0
0.36498,0.97619,0.4354,0.36772,0.10713,2015,3.904,4.6534387962022095,1,0
1.06024,0.90528,0.43372,0.31914,0.11091,2015,3.896,5.249367223840352,1,0
0.0694,0.77265,0.29707,0.47692,0.15639,2015,3.845,4.234723007785391,1,0
0.46038,0.62736,0.61114,0.66246,0.07247,2015,3.819,5.100435540558209,1,0
0.2852,1.00268,0.38215,0.32878,0.05747,2015,3.781,4.440795492668826,1,0
0.20824,0.66801,0.46721,0.19184,0.08124,2015,3.681,3.9915359394031213,1,0
0.0785,0.0,0.06699,0.48879,0.08289,2015,3.678,3.354274620344455,0,1
0.34193,0.76062,0.1501,0.23501,0.05269,2015,3.667,3.909263916731163,1,0
0.17417,0.46475,0.24009,0.37725,0.12139,2015,3.656,3.8620215022606033,1,0
0.46534,0.77115,0.15185,0.46866,0.17922,2015,3.655,4.492142938691131,0,1
0.25812,0.85188,0.27125,0.39493,0.12832,2015,3.587,4.321591936327735,1,0
0.31982,0.30285,0.30335,0.23414,0.09719,2015,3.575,3.717618614673569,1,0
0.22208,0.7737,0.42864,0.59201,0.55191,2015,3.465,4.973420311708679,1,0
0.28665,0.35386,0.3191,0.4845,0.0801,2015,3.34,4.116225966269553,1,0
0.6632,0.47489,0.72193,0.15684,0.18906,2015,3.006,4.606152726322421,1,0
0.0153,0.41587,0.22396,0.1185,0.10062,2015,2.905,3.226362915964387,1,0
0.20868,0.13995,0.28443,0.36453,0.10731,2015,2.839,3.6602883855621826,0,1
1.44178,1.16374,0.79504,0.57941,0.44453,2016,7.526,6.768262830376244,1,0
1.52733,1.14524,0.86303,0.58557,0.41203,2016,7.509,6.904956331825133,1,0
1.42666,1.18326,0.86733,0.56624,0.14975,2016,7.501,6.633551260967863,0,1
1.57744,1.1269,0.79579,0.59609,0.35776,2016,7.498,6.850870068934967,1,0
1.40598,1.13464,0.81091,0.57104,0.41004,2016,7.413,6.689582793831278,1,0
1.44015,1.0961,0.8276,0.5737,0.31329,2016,7.404,6.653875678478954,1,0
1.46468,1.02912,0.81231,0.55211,0.29927,2016,7.339,6.567445261906954,1,0
1.36066,1.17278,0.83096,0.58147,0.41904,2016,7.334,6.716102461660853,1,0
1.44443,1.10476,0.8512,0.56837,0.32331,2016,7.313,6.6890473085339295,0,1
1.45181,1.08764,0.83121,0.58218,0.40867,2016,7.291,6.738593752184443,0,1
1.33766,0.99537,0.84917,0.36432,0.08728,2016,7.267,6.019378149255431,1,0
1.45038,1.08383,0.80565,0.54355,0.21348,2016,7.119,6.519386732093636,1,0
1.50796,1.04782,0.779,0.48163,0.14868,2016,7.104,6.384228676164895,0,1
1.06879,1.02152,0.76146,0.55225,0.10547,2016,7.087,5.966525346252496,1,0
1.35943,1.08113,0.77758,0.46823,0.12275,2016,7.039,6.216218572829575,1,0
1.44787,1.09774,0.81487,0.53466,0.28551,2016,6.994,6.570989645374539,1,0
1.08754,1.03938,0.61415,0.40425,0.14166,2016,6.952,5.635578096547562,1,0
1.42539,1.05249,0.81959,0.51354,0.26248,2016,6.929,6.469144576607761,1,0
1.48341,1.16157,0.81455,0.54008,0.29754,2016,6.907,6.674500291723689,0,1
1.69752,1.03999,0.84542,0.5487,0.35329,2016,6.871,6.885149811846418,1,0
1.11508,0.7146,0.71143,0.37709,0.18355,2016,6.778,5.498081295722443,1,0
1.64555,0.86758,0.94719,0.4877,0.46987,2016,6.739,6.786382712301787,1,0
1.40283,1.08672,0.80991,0.50036,0.27399,2016,6.725,6.449304531880642,1,0
1.2167,0.90587,0.81883,0.37789,0.11451,2016,6.705,5.828070010462142,1,0
1.18306,0.98912,0.70835,0.48927,0.08423,2016,6.701,5.891582668018117,1,0
1.15137,1.06612,0.69711,0.42284,0.07296,2016,6.65,5.7971779826023635,0,1
1.30915,1.00793,0.76376,0.41418,0.03986,2016,6.596,5.953194114636744,1,0
1.57352,0.87114,0.72993,0.56215,0.35561,2016,6.573,6.519264234447974,1,0
1.18157,1.03143,0.72183,0.54388,0.21394,2016,6.545,6.1071106028730355,1,0
1.30782,1.09879,0.80315,0.54994,0.17554,2016,6.488,6.364686320714924,1,0
1.03032,1.02169,0.59659,0.44735,0.05399,2016,6.481,5.5522239745278625,1,0
1.39488,1.00508,0.83795,0.46562,0.17808,2016,6.478,6.290513224917959,1,0
1.0893,1.04477,0.64915,0.49553,0.02833,2016,6.474,5.7467585251462765,1,0
1.48953,0.84829,0.59267,0.37904,0.30008,2016,6.379,5.9455431427669225,1,0
1.39729,0.92624,0.79565,0.32377,0.0663,2016,6.379,5.892682583274819,1,0
1.82427,0.87964,0.71723,0.56679,0.48049,2016,6.375,6.86286996506621,1,0
1.34253,1.12945,0.87896,0.37545,0.06137,2016,6.361,6.163098804477926,0,1
1.05266,0.83309,0.61804,0.21006,0.16157,2016,6.355,5.152952522027618,0,1
0.83454,0.87119,0.54039,0.50379,0.08701,2016,6.324,5.276524432710943,1,0
1.09686,0.77866,0.50933,0.52234,0.12692,2016,6.269,5.49849601636177,1,0
1.61714,0.87758,0.63569,0.43166,0.23669,2016,6.239,6.188627054009174,0,1
1.44024,0.94397,0.65696,0.47375,0.25772,2016,6.218,6.158115511479906,1,0
1.32572,0.98569,0.52608,0.48453,0.01241,2016,6.168,5.786416643975542,0,1
1.13367,1.03302,0.61904,0.19847,0.08304,2016,6.084,5.327713839888361,0,1
1.27973,1.08268,0.70367,0.23391,0.02947,2016,6.078,5.63109108681644,1,0
0.8737,0.80975,0.596,0.37269,0.10613,2016,6.068,5.138863100712882,1,0
1.25142,0.88025,0.62366,0.39031,0.09081,2016,6.005,5.63650755824176,1,0
0.69384,0.89521,0.65213,0.46582,0.16292,2016,5.992,5.260310211179956,1,0
0.73591,1.1681,0.50163,0.60848,0.28333,2016,5.987,5.656266946295716,0,1
1.35495,1.04167,0.85102,0.18827,0.02556,2016,5.977,5.763682336684269,1,0
0.97306,0.85974,0.68613,0.4027,0.18037,2016,5.976,5.474628532043113,1,0
0.87616,0.68655,0.45569,0.51231,0.10771,2016,5.956,5.108907077213075,1,0
1.38007,1.06054,0.91491,0.46761,0.18985,2016,5.921,6.412992322854137,0,1
1.22943,0.95544,0.57386,0.4052,0.11132,2016,5.919,5.6554892693229135,0,1
0.69177,0.83132,0.52309,0.25202,0.01903,2016,5.897,4.643547359814022,0,1
1.23228,1.05261,0.58991,0.32682,0.03586,2016,5.856,5.5823399835171585,0,1
1.24585,1.04685,0.69058,0.4519,0.055,2016,5.835,5.906791556034193,0,1
1.35948,0.72194,0.88645,0.25168,0.07716,2016,5.835,5.685507697542249,0,1
0.79422,0.83779,0.4697,0.50961,0.07746,2016,5.822,5.134201457264908,1,0
1.2692,1.06411,0.64674,0.18929,0.0182,2016,5.813,5.467434121456904,0,1
1.13062,1.04993,0.63104,0.29091,0.17457,2016,5.802,5.553490066793046,1,0
1.31141,0.81826,0.84142,0.43596,0.16578,2016,5.771,6.005385818351044,1,0
1.29947,1.05613,0.79151,0.53164,0.03635,2016,5.768,6.190536591364008,0,1
0.99602,0.81255,0.62994,0.37502,0.05292,2016,5.743,5.2745334630156435,1,0
1.08017,1.03817,0.44006,0.37408,0.28467,2016,5.658,5.48506978879459,0,1
1.14372,0.75695,0.66189,0.46145,0.05203,2016,5.648,5.552494217038998,1,0
1.06688,0.95076,0.52304,0.40672,0.10339,2016,5.615,5.424092678970396,1,0
1.21788,0.95025,0.63952,0.27996,0.0889,2016,5.56,5.502187147594469,1,0
0.89373,1.11111,0.58295,0.46235,0.07396,2016,5.538,5.50168695152135,1,0
1.1697,0.72803,0.67602,0.36712,0.00679,2016,5.528,5.396738078060622,1,0
1.27964,1.05163,0.68098,0.41511,0.18519,2016,5.517,5.9635310335467295,1,0
0.89333,0.96372,0.59469,0.43597,0.04294,2016,5.51,5.3363671289853585,0,1
1.18649,0.60809,0.70524,0.23907,0.04002,2016,5.488,5.174767085665991,1,0
1.5107,0.87021,0.95277,0.48079,0.31647,2016,5.458,6.5428658661349175,1,0
0.0,0.33613,0.11466,0.56778,0.3118,2016,5.44,3.765810174893403,1,0
0.90145,0.66062,0.54,0.14396,0.06547,2016,5.401,4.609157773270596,0,1
1.16492,0.87717,0.64718,0.23889,0.12348,2016,5.389,5.356396867115535,1,0
0.95104,0.87625,0.49374,0.39237,0.00322,2016,5.314,5.124865483942585,1,0
0.99673,0.86216,0.60712,0.36023,0.13297,2016,5.303,5.319164266361895,0,1
1.12373,0.76042,0.54504,0.35327,0.17914,2016,5.291,5.323518173171465,0,1
0.81217,0.87877,0.47036,0.54854,0.11757,2016,5.279,5.27243096663932,1,0
1.0278,0.79381,0.73561,0.44012,0.02745,2016,5.245,5.49134426587122,1,0
0.8527,0.90836,0.49759,0.46074,0.1616,2016,5.196,5.260669102071063,1,0
0.56044,0.95434,0.55449,0.40212,0.04762,2016,5.185,4.888312956001954,0,1
0.93383,0.64367,0.70766,0.09511,0.0,2016,5.163,4.692896067867451,1,0
1.07838,0.74173,0.63533,0.15111,0.12721,2016,5.161,5.012735539026352,1,0
1.02787,0.99496,0.57669,0.52259,0.12372,2016,5.155,5.668757758831248,1,0
0.84058,0.38595,0.59471,0.25646,0.08404,2016,5.151,4.5735090642864975,1,0
1.24142,0.93164,0.67608,0.1977,0.04472,2016,5.145,5.395672315365232,0,1
0.68816,0.26135,0.40306,0.14622,0.1388,2016,5.132,3.97347841936579,1,0
1.12268,0.64184,0.76171,0.26228,0.03061,2016,5.129,5.225673725687358,1,0
1.27607,0.94367,0.79363,0.44727,0.01521,2016,5.123,5.935205395045585,0,1
1.0193,0.78236,0.64738,0.27668,0.07047,2016,5.121,5.153290546560697,1,0
0.74037,0.79117,0.66157,0.55954,0.11556,2016,5.061,5.350824626804808,1,0
0.97724,0.43165,0.59577,0.23553,0.0817,2016,5.045,4.719726463971597,0,1
1.24886,0.75473,0.80029,0.05822,0.04127,2016,5.033,5.180116370741757,1,0
0.48835,0.75602,0.53119,0.43408,0.13509,2016,4.996,4.737320139211846,1,0
0.98853,1.08983,0.55469,0.35972,0.03285,2016,4.907,5.367852001973205,1,0
0.68042,0.5497,0.38291,0.52168,0.22423,2016,4.876,4.80779780804437,0,1
0.75216,0.64498,0.05108,0.27854,0.0305,2016,4.875,4.096655317089386,1,0
0.69429,0.75596,0.58383,0.26755,0.06906,2016,4.871,4.708963945563738,1,0
1.11758,0.38857,0.64232,0.22544,0.0557,2016,4.813,4.850131155208146,1,0
0.61202,0.6376,0.23573,0.42662,0.11479,2016,4.795,4.428187362954361,1,0
0.44626,0.69699,0.50073,0.37012,0.07008,2016,4.793,4.472390249632809,0,1
0.67024,0.71629,0.56844,0.17744,0.10613,2016,4.754,4.520674343610722,0,1
0.9553,0.50163,0.73007,0.31866,0.05301,2016,4.655,5.007361801878517,1,0
0.54177,0.24749,0.52989,0.39778,0.12583,2016,4.643,4.327273240101022,1,0
0.36485,0.628,0.0,0.30685,0.08196,2016,4.635,3.7005438966927784,1,0
1.07474,0.59205,0.51076,0.24856,0.13636,2016,4.575,4.912250052024461,0,1
0.93287,0.70362,0.34745,0.48614,0.10398,2016,4.574,5.021587956618333,0,1
0.52497,0.62542,0.12698,0.42736,0.06126,2016,4.513,4.176077593692469,0,1
0.29283,0.37932,0.34578,0.36703,0.1717,2016,4.508,3.9544954408362685,1,0
1.02416,0.96053,0.18611,0.42483,0.08415,2016,4.459,5.037829758571263,1,0
0.97318,0.84783,0.62007,0.50817,0.07964,2016,4.415,5.491142836235099,1,0
0.74036,0.29247,0.45091,0.40285,0.08722,2016,4.404,4.4675049525833685,1,0
0.34112,0.69981,0.3988,0.42692,0.20243,2016,4.395,4.428524509713441,1,0
0.95395,0.49813,0.52116,0.18847,0.10393,2016,4.362,4.60895673492152,1,0
0.86086,0.62477,0.64083,0.14037,0.03616,2016,4.36,4.622887702851244,1,0
0.52267,0.7624,0.30147,0.40576,0.06686,2016,4.356,4.441227638042847,1,0
0.87287,1.01413,0.58628,0.12859,0.01829,2016,4.324,4.854538210478495,0,1
0.63107,0.49353,0.29681,0.40973,0.0326,2016,4.276,4.320533082579317,1,0
0.05661,0.80676,0.188,0.15602,0.06075,2016,4.272,3.476448725420113,1,0
0.83792,0.19249,0.64035,0.32461,0.3188,2016,4.252,4.725561172866861,1,0
0.77109,0.47799,0.28212,0.37938,0.09753,2016,4.236,4.434075324634165,1,0
0.44314,0.77416,0.40457,0.31056,0.11681,2016,4.219,4.364477934364629,1,0
1.11306,0.92542,0.67806,0.21219,0.00615,2016,4.217,5.256014237597526,0,1
0.61391,0.84142,0.28639,0.1268,0.17955,2016,4.201,4.2250356335804895,1,0
0.35041,0.71478,0.1595,0.25429,0.08582,2016,4.193,3.8480722536050394,1,0
0.08709,0.147,0.29364,0.4143,0.07564,2016,4.156,3.509689725531274,1,0
0.63069,0.81928,0.29759,0.0,0.10039,2016,4.139,3.9895419058802872,1,0
1.15851,0.72368,0.3494,0.28098,0.09314,2016,4.121,4.9511334469947315,0,1
0.31292,0.86333,0.16347,0.27544,0.13647,2016,4.073,3.996447019790139,1,0
0.34097,0.29561,0.27494,0.12072,0.14476,2016,4.028,3.4635563639026827,1,0
1.09426,0.89186,0.34752,0.44089,0.10769,2016,3.974,5.2716915038257355,1,0
0.27509,0.60323,0.29981,0.15412,0.18437,2016,3.956,3.742473212430781,0,1
0.55507,0.57576,0.04476,0.40663,0.1553,2016,3.916,4.108513392360777,0,1
0.55604,0.5375,0.42494,0.58852,0.08092,2016,3.907,4.723537409993071,0,1
0.84731,0.66366,0.04991,0.00589,0.08434,2016,3.866,3.823243354089641,1,0
0.1327,0.6053,0.26162,0.38041,0.17176,2016,3.856,3.895552812165903,0,1
0.39394,0.18519,0.15781,0.19662,0.13015,2016,3.832,3.412527935280565,1,0
0.42214,0.63178,0.03824,0.12807,0.04952,2016,3.763,3.507283273062683,0,1
0.31995,0.63054,0.21297,0.3337,0.12533,2016,3.739,3.9560156906050565,1,0
0.34719,0.90981,0.19625,0.43653,0.06442,2016,3.739,4.306536785074712,1,0
0.57939,0.47493,0.31048,0.2287,0.05892,2016,3.724,4.003950069455129,0,1
0.27954,0.46115,0.37109,0.13684,0.07506,2016,3.695,3.613889912551656,0,1
0.47155,0.77623,0.357,0.3176,0.05099,2016,3.666,4.312248370546143,1,0
0.10706,0.50353,0.23165,0.25748,0.04852,2016,3.622,3.485394287309333,0,1
0.22415,0.3109,0.18829,0.30953,0.1192,2016,3.607,3.5349611330751145,1,0
0.32846,0.61586,0.31865,0.5432,0.50521,2016,3.515,4.639332233206147,1,0
0.39499,0.10419,0.21028,0.39747,0.06681,2016,3.484,3.675515496178548,1,0
0.38227,0.11037,0.17344,0.1643,0.07112,2016,3.36,3.269603873442037,0,1
0.28123,0.0,0.24811,0.34678,0.11587,2016,3.303,3.4688233064955796,1,0
0.74719,0.14866,0.62994,0.06912,0.17233,2016,3.069,4.094343093627259,1,0
0.06831,0.23442,0.15747,0.0432,0.09419,2016,2.905,2.850246088891083,1,0
1.61646318435669,1.53352355957031,0.796666502952576,0.635422587394714,0.315963834524155,2017,7.53700017929077,7.152442485170212,1,0
1.48238301277161,1.55112159252167,0.792565524578094,0.626006722450256,0.40077006816864,2017,7.52199983596802,7.062583278928798,0,1
1.480633020401,1.6105740070343,0.833552122116089,0.627162635326385,0.153526559472084,2017,7.50400018692017,6.992690468217688,1,0
1.56497955322266,1.51691174507141,0.858131289482117,0.620070576667786,0.367007285356522,2017,7.49399995803833,7.1616158488800465,1,0
1.44357192516327,1.5402467250824,0.80915766954422,0.617950856685638,0.38261154294014,2017,7.4689998626709,7.007094610495898,0,1
1.50394463539124,1.42893922328949,0.810696125030518,0.585384488105774,0.282661825418472,2017,7.3769998550415,6.86825455583994,1,0
1.47920441627502,1.48134899139404,0.83455765247345,0.611100912094116,0.287371516227722,2017,7.31599998474121,6.952525197223338,1,0
1.40570604801178,1.54819512367249,0.816759705543518,0.614062130451202,0.382816702127457,2017,7.31400012969971,6.976170261170125,1,0
1.49438726902008,1.47816216945648,0.830875158309937,0.612924098968506,0.384398728609085,2017,7.28399991989136,7.027984568354867,1,0
1.484414935112,1.51004195213318,0.84388679265976,0.601607382297516,0.301183730363846,2017,7.28399991989136,6.985103660061128,0,1
1.37538242340088,1.37628996372223,0.83840399980545,0.405988603830338,0.0852421000599861,2017,7.21299982070923,6.316194242154523,1,0
1.10970628261566,1.41640365123749,0.759509265422821,0.580131649971008,0.100106589496136,2017,7.0789999961853,6.263789140581963,1,0
1.48709726333618,1.4599449634552,0.815328419208527,0.567766189575195,0.221060365438461,2017,7.00600004196167,6.812782232768342,1,0
1.54625928401947,1.41992056369781,0.77428662776947,0.505740523338318,0.135638788342476,2017,6.99300003051758,6.646905640526143,0,1
1.53570663928986,1.55823111534119,0.80978262424469,0.573110342025757,0.29838815331459,2017,6.97700023651123,6.99402218679549,0,1
1.48792338371277,1.47252035140991,0.798950731754303,0.562511384487152,0.276731938123703,2017,6.95100021362305,6.8340498803461,1,0
1.46378076076508,1.46231269836426,0.818091869354248,0.539770722389221,0.251343131065369,2017,6.89099979400635,6.769760336595851,1,0
1.74194359779358,1.45758366584778,0.845089495182037,0.59662789106369,0.31883442401886,2017,6.86299991607666,7.217811273459205,0,1
1.44163393974304,1.49646008014679,0.805335938930511,0.508190035820007,0.265428066253662,2017,6.71400022506714,6.720192043302887,1,0
1.25278460979462,1.28402495384216,0.819479703903198,0.376895278692245,0.0822879821062088,2017,6.65199995040894,6.047711210938871,0,1
1.62634336948395,1.26641023159027,0.726798236370087,0.60834527015686,0.324489563703537,2017,6.64799976348877,6.839506246314954,1,0
1.10735321044922,1.43130600452423,0.616552352905273,0.437453746795654,0.111092761158943,2017,6.63500022888184,5.9049526757493425,0,1
1.35268235206604,1.43388521671295,0.754444003105164,0.490946173667908,0.0368729270994663,2017,6.60900020599365,6.3469136120939424,1,0
1.18529546260834,1.44045114517212,0.695137083530426,0.494519203901291,0.059739887714386,2017,6.59899997711182,6.133431382343701,1,0
1.15318381786346,1.210862159729,0.709978997707367,0.412730008363724,0.132774114608765,2017,6.57800006866455,5.8555225684141305,1,0
1.69227766990662,1.35381436347961,0.949492394924164,0.549840569496155,0.46430778503418,2017,6.57200002670288,7.2194203024620265,1,0
1.34327983856201,1.48841166496277,0.821944236755371,0.588767051696777,0.153066068887711,2017,6.52699995040894,6.680306012585277,1,0
1.21755969524384,1.41222786903381,0.719216823577881,0.57939225435257,0.178061872720718,2017,6.4539999961853,6.379258430100151,1,0
0.872001945972443,1.25558519363403,0.540239989757538,0.531310617923737,0.0772232785820961,2017,6.4539999961853,5.5603877692483366,0,1
1.23374843597412,1.37319254875183,0.706156134605408,0.550026834011078,0.070983923971653,2017,6.4520001411438,6.235918279314944,1,0
1.43092346191406,1.38777685165405,0.844465851783752,0.470222115516663,0.172502428293228,2017,6.44199991226196,6.546086055061124,0,1
1.12786877155304,1.42579245567322,0.647239029407501,0.580200731754303,0.0316127352416515,2017,6.42399978637695,6.124070414782608,1,0
1.43362653255463,1.38456535339355,0.793984234333038,0.361466586589813,0.0638292357325554,2017,6.42199993133545,6.2527178133966,0,1
1.38439786434174,1.53209090232849,0.888960599899292,0.408781230449677,0.0709140971302986,2017,6.40299987792969,6.4985808655073924,1,0
1.87076568603516,1.27429687976837,0.710098087787628,0.604130983352661,0.439299255609512,2017,6.375,7.151428779345224,1,0
1.07062232494354,1.4021829366684,0.595027923583984,0.477487415075302,0.0466687418520451,2017,6.35699987411499,5.8400923195495125,1,0
1.53062355518341,1.28667759895325,0.590148329734802,0.449750572443008,0.27343225479126,2017,6.3439998626709,6.329112998739163,0,1
1.36135590076447,1.3802285194397,0.519983291625977,0.518630743026733,0.0089648161083459,2017,6.16800022125244,6.084265631850485,1,0
1.63295245170593,1.25969874858856,0.632105708122253,0.496337592601776,0.215159550309181,2017,6.10500001907349,6.494127071607522,1,0
1.32539355754852,1.50505924224854,0.712732911109924,0.295817464590073,0.0242108516395092,2017,6.09800004959106,6.019657119202662,1,0
1.48841226100922,1.32311046123505,0.653133034706116,0.536746919155121,0.257042169570923,2017,6.08699989318848,6.505812153080541,0,1
1.29121541976929,1.28464603424072,0.618784427642822,0.402264982461929,0.0656007081270218,2017,6.08400011062622,5.899395152495117,0,1
0.737299203872681,1.28721570968628,0.653095960617065,0.447551846504211,0.130687981843948,2017,6.07100009918213,5.472249307290525,1,0
1.00082039833069,1.28616881370544,0.685636222362518,0.4551981985569,0.140134647488594,2017,6.00799989700317,5.799986492544974,1,0
0.909784495830536,1.18212509155273,0.596018552780151,0.432452529668808,0.0899809598922729,2017,6.00299978256226,5.45765008048491,1,0
1.29178786277771,1.44571197032928,0.699475347995758,0.520342111587524,0.0593078061938286,2017,5.97300004959106,6.293199094040062,0,1
0.786441087722778,1.54896914958954,0.498272627592087,0.658248662948608,0.246528223156929,2017,5.97100019454956,5.964294737631462,1,0
1.39506661891937,1.44492328166962,0.853144347667694,0.256450712680817,0.0280280914157629,2017,5.96400022506714,6.138546237817252,0,1
1.28177809715271,1.46928238868713,0.547349333763123,0.373783111572266,0.0329628810286522,2017,5.96299982070923,5.892943935969583,1,0
0.907975316047668,1.08141779899597,0.450191766023636,0.547509372234344,0.0965810716152191,2017,5.95599985122681,5.4003590541321955,1,0
1.41691517829895,1.43633782863617,0.913475871086121,0.505625545978546,0.163760736584663,2017,5.92000007629395,6.693609257841899,0,1
1.31458234786987,1.47351610660553,0.62894994020462,0.234231784939766,0.0118656428530812,2017,5.90199995040894,5.789442150651638,0,1
1.09186446666718,1.1462174654007,0.617584645748138,0.233335807919502,0.146096110343933,2017,5.87200021743774,5.371654059646801,1,0
1.26074862480164,1.40471494197845,0.638566970825195,0.325707912445068,0.0738427266478539,2017,5.84999990463257,5.871001719161654,0,1
1.40167844295502,1.12827444076538,0.900214076042175,0.257921665906906,0.0632826685905457,2017,5.83799982070923,5.9711806529456055,1,0
0.728870630264282,1.25182557106018,0.589465200901031,0.240729048848152,0.0100912861526012,2017,5.83799982070923,4.968186803736643,0,1
1.21768391132355,1.15009129047394,0.685158312320709,0.457003742456436,0.00438790069893,2017,5.82499980926514,5.832667867710427,1,0
0.833756566047668,1.22761905193329,0.473630249500275,0.558732926845551,0.0604777261614799,2017,5.82299995422363,5.457648700137696,1,0
1.13077676296234,1.49314916133881,0.437726080417633,0.41827192902565,0.259270340204239,2017,5.82200002670288,5.851730677152972,0,1
1.28455626964569,1.38436901569366,0.606041550636292,0.437454283237457,0.119282886385918,2017,5.81899976730347,6.046941505214448,0,1
1.3469113111496,1.18630337715149,0.834647238254547,0.471203625202179,0.155353352427483,2017,5.80999994277954,6.278614591783821,1,0
1.3412059545517,1.45251882076263,0.790828227996826,0.572575807571411,0.0451289787888527,2017,5.75799989700317,6.520624827113636,1,0
1.03522527217865,1.21877038478851,0.630166113376617,0.450002878904343,0.0470490865409374,2017,5.71500015258789,5.653812926152085,1,0
1.18939554691315,1.20956099033356,0.638007462024689,0.491247326135635,0.0421815551817417,2017,5.62900018692017,5.876689923924886,1,0
1.32087934017181,1.47667109966278,0.695168316364288,0.479131430387497,0.183248922228813,2017,5.61100006103516,6.3605613428460686,1,0
1.15655755996704,1.44494521617889,0.637714266777039,0.295400261878967,0.156313821673393,2017,5.56899976730347,5.799977663703032,0,1
1.10180306434631,1.35756433010101,0.520169019699097,0.465733230113983,0.0926102101802826,2017,5.52500009536743,5.768118780983144,1,0
1.19827437400818,1.33775317668915,0.637605607509613,0.300740599632263,0.0996715798974037,2017,5.5,5.72995942906968,0,1
0.932537317276001,1.50728487968445,0.579250693321228,0.473507791757584,0.091065913438797,2017,5.49300003051758,5.78467905009893,1,0
1.55167484283447,1.26279091835022,0.943062424659729,0.490968644618988,0.293933749198914,2017,5.47200012207031,6.791404637270858,1,0
0.85769921541214,1.25391757488251,0.468009054660797,0.585214674472809,0.0993318930268288,2017,5.42999982833862,5.563662850273545,0,1
1.06931757926941,1.25818979740143,0.65078467130661,0.208715528249741,0.0409037806093693,2017,5.39499998092651,5.365955675692419,0,1
0.991012394428253,1.23908889293671,0.604590058326721,0.418421149253845,0.11980327218771,2017,5.33599996566772,5.5946318045564,1,0
1.2860119342804,1.34313309192657,0.687763452529907,0.175863519310951,0.0366369374096394,2017,5.32399988174438,5.646050704788962,1,0
0.925579309463501,1.36821806430817,0.641022384166718,0.474307239055634,0.0552677810192108,2017,5.31099987030029,5.71215892244723,1,0
1.22255623340607,0.96798300743103,0.701288521289825,0.255772292613983,0.0431031100451946,2017,5.29300022125244,5.425343351186314,1,0
1.08116579055786,1.16083741188049,0.741415500640869,0.472787708044052,0.0227942746132612,2017,5.27299976348877,5.7958366783774125,1,0
0.72688353061676,0.672690689563751,0.402047783136368,0.23521526157856,0.124348066747189,2017,5.26900005340576,4.371027936321553,1,0
0.995538592338562,1.27444469928741,0.492345720529556,0.443323463201523,0.0153171354904771,2017,5.26200008392334,5.476147094994957,1,0
1.12843120098114,1.43133759498596,0.617144227027893,0.153997123241425,0.0644911229610443,2017,5.25,5.459081023226901,1,0
1.12112903594971,1.23837649822235,0.667464673519135,0.194989055395126,0.0881741940975189,2017,5.23699998855591,5.432091604119279,1,0
0.878114581108093,0.774864435195923,0.59771066904068,0.408158332109451,0.0877631828188896,2017,5.2350001335144,5.065200053594367,1,0
1.15360176563263,1.15240025520325,0.540775775909424,0.398155838251114,0.180987507104874,2017,5.23400020599365,5.635428078960501,1,0
1.07937383651733,1.40241670608521,0.574873745441437,0.55258983373642,0.113945253193378,2017,5.23000001907349,5.98757382508316,0,1
1.28948748111725,1.23941457271576,0.810198903083801,0.0957312509417534,0.04328977689147,2017,5.22700023651123,5.58066285209199,0,1
1.07498753070831,1.12962424755096,0.735081076622009,0.288515985012054,0.037513829767704,2017,5.22499990463257,5.482583408235627,1,0
1.3151752948761,1.36704301834106,0.795843541622162,0.498465299606323,0.0158694516867399,2017,5.19500017166138,6.297590492796473,0,1
0.982409417629242,1.0693359375,0.705186307430267,0.204403176903725,0.0,2017,5.18200016021729,5.151297075628321,1,0
0.730573117733002,1.14394497871399,0.582569479942322,0.348079860210419,0.0733454525470734,2017,5.18100023269653,5.084353034142055,0,1
1.06457793712616,1.20789301395416,0.644948184490204,0.325905978679657,0.0602777935564518,2017,5.17500019073486,5.508682585623973,1,0
0.0226431842893362,0.721151351928711,0.113989137113094,0.602126955986023,0.282410323619843,2017,5.15100002288818,4.03188721203361,1,0
0.788547575473785,1.27749133110046,0.652168989181519,0.571055591106415,0.0876332372426987,2017,5.07399988174438,5.67993160403401,1,0
0.783756256103516,1.21577048301697,0.0569157302379608,0.394952565431595,0.0261215660721064,2017,5.07399988174438,4.66926694066882,1,0
0.524713635444641,1.27146327495575,0.529235124588013,0.471566706895828,0.146377146244049,2017,5.04099988937378,5.150906493618095,1,0
0.885416388511658,1.34012651443481,0.495879292488098,0.501537680625916,0.173380389809608,2017,5.01100015640259,5.609950713025654,0,1
0.596220076084137,1.39423859119415,0.553457796573639,0.454943388700485,0.0394391790032387,2017,5.00400018692017,5.253533683833723,1,0
0.479820191860199,1.17928326129913,0.504130780696869,0.440305948257446,0.0729755461215973,2017,4.96199989318848,4.907693560080247,1,0
1.02723586559296,1.4930112361908,0.557783484458923,0.394143968820572,0.0329022891819477,2017,4.95499992370605,5.688477359481368,1,0
1.05469870567322,1.38478863239288,0.187080070376396,0.479246735572815,0.0725094974040985,2017,4.8289999961853,5.387575144559349,1,0
1.00726580619812,0.868351459503174,0.613212049007416,0.289680689573288,0.0867231488227844,2017,4.80499982833862,5.107071511332663,0,1
0.716249227523804,1.15564715862274,0.565666973590851,0.25471106171608,0.0892826020717621,2017,4.77500009536743,4.926408796989477,1,0
0.989701807498932,0.997471392154694,0.520187258720398,0.282110154628754,0.114381365478039,2017,4.7350001335144,5.09648543937729,0,1
1.1614590883255,1.43437945842743,0.708217680454254,0.289231717586517,0.0110515309497714,2017,4.71400022506714,5.768794808244081,0,1
0.36842092871666,0.984136044979095,0.0055647538974881,0.318697690963745,0.0710951760411263,2017,4.70900011062622,3.9078955216573092,1,0
0.564305365085602,0.946018218994141,0.132892116904259,0.430388748645782,0.0513066314160824,2017,4.69500017166138,4.380023138494096,1,0
1.15687310695648,0.711551249027252,0.639333188533783,0.249322608113289,0.048761073499918,2017,4.69199991226196,5.08048475340928,1,0
0.996192753314972,0.803685247898102,0.731159746646881,0.381498634815216,0.0398642159998417,2017,4.64400005340576,5.283415518683569,1,0
0.586682975292206,0.735131740570068,0.533241033554077,0.478356659412384,0.123717859387398,2017,4.60799980163574,4.791412161107019,1,0
0.964434325695038,1.0984708070755,0.33861181139946,0.520303547382355,0.0931469723582268,2017,4.57399988174438,5.3077398326738034,1,0
0.560479462146759,1.06795072555542,0.309988349676132,0.452763766050339,0.0646413192152977,2017,4.55299997329712,4.707517600819557,1,0
0.234305649995804,0.870701014995575,0.106654435396194,0.480791091918945,0.179436385631561,2017,4.55000019073486,4.108697980330248,0,1
0.367110550403595,1.12323594093323,0.397522568702698,0.514492034912109,0.188816204667091,2017,4.54500007629395,4.820389695055667,1,0
0.479309022426605,1.17969191074371,0.409362852573395,0.377922266721725,0.115460447967052,2017,4.53499984741211,4.736153732617055,1,0
0.636406779289246,1.00318729877472,0.257835894823074,0.461603492498398,0.0782135501503944,2017,4.51399993896484,4.701668938495487,0,1
1.10271048545837,0.978613197803497,0.501180469989777,0.288555532693863,0.107215754687786,2017,4.49700021743774,5.184359421952678,1,0
1.1982102394104,1.1556202173233,0.356578588485718,0.312328577041626,0.0760467872023582,2017,4.46500015258789,5.284035605564696,1,0
0.339233845472336,0.86466920375824,0.353409707546234,0.408842742443085,0.165455713868141,2017,4.46000003814697,4.360394801415936,1,0
1.00985014438629,1.25997638702393,0.625130832195282,0.561213254928589,0.0736539661884308,2017,4.44000005722046,5.843706833941354,1,0
0.900596737861633,1.00748372077942,0.637524425983429,0.198303267359734,0.0266744215041399,2017,4.37599992752075,4.9515893479042745,1,0
0.792221248149872,0.754372596740723,0.455427616834641,0.469987004995346,0.0922268852591515,2017,4.31500005722046,4.903672880225457,0,1
0.648457288742065,1.2720308303833,0.285349279642105,0.0960980430245399,0.136957004666328,2017,4.29199981689453,4.43005315620627,1,0
0.808964252471924,0.832044363021851,0.28995743393898,0.435025870800018,0.0796181336045265,2017,4.29099988937378,4.741190941701689,0,1
0.950612664222717,0.57061493396759,0.649546980857849,0.309410035610199,0.251666635274887,2017,4.28599977493286,4.989751453934531,0,1
0.0921023488044739,1.22902345657349,0.191407024860382,0.235961347818375,0.0602413564920425,2017,4.28000020980835,3.8791467646672118,1,0
0.476180493831635,1.28147339820862,0.169365674257278,0.306613743305206,0.104970246553421,2017,4.19000005722046,4.436486201627474,0,1
0.603048920631409,0.904780030250549,0.0486421696841717,0.447706192731857,0.130061775445938,2017,4.17999982833862,4.374799589205452,1,0
0.601765096187592,1.00623834133148,0.429783403873444,0.633375823497772,0.0681059509515762,2017,4.16800022125244,5.112988612394304,1,0
0.65951669216156,1.21400856971741,0.290920823812485,0.0149958552792668,0.089847519993782,2017,4.13899993896484,4.24564510121661,1,0
0.667224824428558,0.873664736747742,0.295637726783752,0.423026293516159,0.0253363698720932,2017,4.11999988555908,4.578211017452304,1,0
0.89465194940567,1.39453756809235,0.575903952121735,0.122974775731564,0.0230294708162546,2017,4.09600019454956,5.066044253850379,1,0
0.381430715322495,1.12982773780823,0.217632606625557,0.443185955286026,0.057069718837738,2017,4.08099985122681,4.449643150391296,1,0
0.3502277135849,1.04328000545502,0.215844258666039,0.324367851018906,0.120328105986118,2017,4.03200006484985,4.204224614292855,1,0
0.161925330758095,0.993025004863739,0.26850500702858,0.36365869641304,0.138572946190834,2017,4.02799987792969,4.09736293363477,1,0
0.233442038297653,0.512568831443787,0.315089583396912,0.466914653778076,0.0727116540074348,2017,3.97000002861023,3.959087924351479,0,1
0.438012987375259,0.953855872154236,0.0411347150802612,0.16234202682972,0.0535818822681904,2017,3.93600010871887,3.7420521146759427,0,1
0.375846534967422,1.08309590816498,0.196763753890991,0.336384207010269,0.0953753814101219,2017,3.875,4.244133548376652,0,1
0.521021246910095,1.19009518623352,0.0,0.390661299228668,0.119094640016556,2017,3.80800008773804,4.36680752452861,1,0
0.858428180217743,1.10441195964813,0.0498686656355858,0.0,0.0697203353047371,2017,3.79500007629395,4.069484250201413,1,0
0.401477217674255,0.581543326377869,0.180746778845787,0.106179520487785,0.0611578300595284,2017,3.79399991035461,3.4786197547453526,1,0
1.12209415435791,1.22155499458313,0.341755509376526,0.505196332931519,0.0985831990838051,2017,3.76600003242493,5.553448497600613,0,1
0.431085407733917,0.435299843549728,0.209930211305618,0.425962775945663,0.0609290152788162,2017,3.65700006484985,3.9196300411815344,0,1
0.305808693170547,0.913020372390747,0.375223308801651,0.189196765422821,0.0672319754958153,2017,3.64400005340576,3.9837448671976006,0,1
0.368610262870789,0.640449821949005,0.277321130037308,0.0303698573261499,0.0998721495270729,2017,3.6029999256134,3.503506156009763,1,0
0.591683447360992,0.93538224697113,0.310080915689468,0.249463722109795,0.0567674227058887,2017,3.59299993515015,4.315949598192958,0,1
0.39724862575531,0.601323127746582,0.163486003875732,0.147062435746193,0.116793513298035,2017,3.59100008010864,3.57064528418897,1,0
0.119041793048382,0.872117936611176,0.229918196797371,0.332881182432175,0.0389482490718365,2017,3.53299999237061,3.802569368181082,1,0
0.244549930095673,0.791244685649872,0.194129139184952,0.348587512969971,0.110937617719173,2017,3.50699996948242,3.902215965477353,1,0
0.305444717407227,0.431882530450821,0.247105568647385,0.38042613863945,0.0956650152802467,2017,3.49499988555908,3.778161124307047,0,1
0.368745893239975,0.945707023143768,0.326424807310104,0.581843852996826,0.455220013856888,2017,3.47099995613098,4.882544939972888,1,0
0.777153134346008,0.396102607250214,0.50053334236145,0.0815394446253777,0.151347130537033,2017,3.46199989318848,4.091431610699544,1,0
0.511135876178741,1.04198980331421,0.364509284496307,0.390017777681351,0.0660351067781448,2017,3.34899997711182,4.59836778875777,1,0
0.091622568666935,0.629793584346771,0.151610791683197,0.0599007532000542,0.0841479450464249,2017,2.90499997138977,3.1049366643626115,1,0
0.0,0.0,0.0187726859003305,0.270842045545578,0.0565650761127472,2017,2.69300007820129,2.675217510209393,0,1
1.305,1.592,0.874,0.681,0.393,2018,7.632,6.982310005178903,1,0
1.456,1.582,0.861,0.686,0.34,2018,7.594,7.0912632933248005,0,1
1.351,1.59,0.868,0.683,0.408,2018,7.555,7.0351718791342535,1,0
1.343,1.644,0.914,0.677,0.138,2018,7.495,6.933958827667993,1,0
1.42,1.549,0.927,0.66,0.357,2018,7.487,7.069896801625561,0,1
1.361,1.488,0.878,0.638,0.295,2018,7.441,6.832490548783397,0,1
1.33,1.532,0.896,0.653,0.291,2018,7.328,6.87497469920288,1,0
1.268,1.601,0.876,0.669,0.389,2018,7.324,6.931775783886252,0,1
1.355,1.501,0.913,0.659,0.383,2018,7.314,6.964259390169616,1,0
1.34,1.573,0.91,0.647,0.302,2018,7.272,6.93091722400797,1,0
1.244,1.433,0.888,0.464,0.082,2018,7.19,6.269658143935544,1,0
1.341,1.504,0.891,0.617,0.224,2018,7.139,6.759555133676827,1,0
1.01,1.459,0.817,0.632,0.101,2018,7.072,6.240934970833877,1,0
1.448,1.583,0.876,0.614,0.306,2018,6.977,6.966462492814145,1,0
1.34,1.474,0.861,0.586,0.28,2018,6.965,6.690900927316989,0,1
1.324,1.483,0.894,0.583,0.24,2018,6.927,6.6863053351377175,1,0
1.576,1.52,0.896,0.632,0.321,2018,6.91,7.109631243816949,1,0
1.398,1.471,0.819,0.547,0.133,2018,6.886,6.547492454491163,1,0
1.301,1.559,0.883,0.533,0.272,2018,6.814,6.654069316499232,1,0
2.096,0.776,0.67,0.284,0.1863971927366329,2018,6.774,6.1939637844235165,1,0
1.233,1.489,0.854,0.543,0.034,2018,6.711,6.3564649251209175,0,1
1.27,1.525,0.884,0.645,0.142,2018,6.627,6.684200699416749,1,0
1.293,1.466,0.908,0.52,0.176,2018,6.489,6.516494173561142,1,0
1.038,1.252,0.761,0.479,0.095,2018,6.488,5.805378840036013,1,0
1.131,1.331,0.808,0.431,0.061,2018,6.476,5.919565570076742,1,0
1.365,1.436,0.857,0.418,0.078,2018,6.441,6.291184145199566,1,0
1.112,1.438,0.759,0.597,0.063,2018,6.43,6.189215538062484,1,0
0.986,1.474,0.675,0.493,0.088,2018,6.419,5.8506336250137565,0,1
1.073,1.468,0.744,0.57,0.054,2018,6.388,6.108350616688284,1,0
0.781,1.268,0.608,0.604,0.071,2018,6.382,5.561413692713671,1,0
1.093,1.459,0.771,0.625,0.155,2018,6.379,6.302256709568411,0,1
1.649,1.303,0.748,0.654,0.171,2018,6.374,6.790166691813795,0,1
1.379,1.331,0.633,0.509,0.127,2018,6.371,6.152844484322969,1,0
1.529,1.451,1.008,0.631,0.457,2018,6.343,7.214356926368396,1,0
1.161,1.258,0.669,0.356,0.059,2018,6.322,5.625424317026585,1,0
1.251,1.538,0.965,0.449,0.074,2018,6.31,6.41500372993832,1,0
0.96,1.439,0.635,0.531,0.039,2018,6.26,5.779249302154568,0,1
1.223,1.492,0.564,0.575,0.019,2018,6.192,6.074083637317472,0,1
1.21,1.537,0.776,0.354,0.014,2018,6.173,5.9807535566622505,1,0
0.806,1.231,0.639,0.461,0.082,2018,6.167,5.377954675641547,1,0
0.668,1.319,0.7,0.527,0.128,2018,6.141,5.501448285956911,1,0
1.176,1.448,0.781,0.546,0.064,2018,6.123,6.209636390896833,1,0
1.338,1.366,0.698,0.594,0.123,2018,6.105,6.336853084816198,1,0
0.719,1.584,0.605,0.724,0.259,2018,6.096,6.05149059896263,1,0
1.474,1.301,0.675,0.554,0.106,2018,6.083,6.329714148359187,1,0
1.016,1.417,0.707,0.637,0.029,2018,6.072,6.055646641945174,1,0
1.264,1.501,0.946,0.281,0.028,2018,6.0,6.0890476739474195,1,0
0.889,1.33,0.736,0.556,0.12,2018,5.973,5.819660648915601,1,0
0.807,1.101,0.474,0.593,0.089,2018,5.956,5.306117422748116,1,0
1.197,1.527,0.716,0.35,0.006,2018,5.952,5.882894710541365,1,0
1.219,1.506,0.856,0.633,0.051,2018,5.948,6.507660544177071,0,1
1.116,1.219,0.726,0.528,0.001,2018,5.945,5.837312621080542,0,1
1.148,1.454,0.671,0.363,0.066,2018,5.933,5.784450828668838,1,0
1.294,1.462,0.988,0.553,0.15,2018,5.915,6.635045003650049,0,1
1.09,1.387,0.684,0.584,0.05,2018,5.891,6.016102817678757,1,0
0.819,1.493,0.693,0.575,0.031,2018,5.89,5.800233792382812,0,1
1.266,1.204,0.955,0.244,0.051,2018,5.875,5.823727809272725,1,0
1.229,1.211,0.909,0.495,0.154,2018,5.835,6.1959750971370795,1,0
1.151,1.479,0.599,0.399,0.025,2018,5.81,5.75831478711325,0,1
1.143,1.516,0.631,0.454,0.121,2018,5.79,5.9615074475715915,1,0
0.751,1.223,0.508,0.606,0.054,2018,5.752,5.37819859767049,1,0
1.2,1.532,0.737,0.553,0.174,2018,5.739,6.336094789642345,1,0
0.835,1.522,0.615,0.541,0.074,2018,5.681,5.730931748660737,1,0
0.934,1.249,0.674,0.53,0.034,2018,5.663,5.639189127696881,1,0
0.855,1.23,0.578,0.448,0.023,2018,5.662,5.303740420394604,1,0
0.657,1.301,0.62,0.232,0.0,2018,5.64,4.849600483251095,1,0
1.016,1.533,0.517,0.417,0.037,2018,5.636,5.606842462817212,1,0
1.171,1.401,0.732,0.259,0.022,2018,5.62,5.643138665736956,1,0
0.985,1.35,0.553,0.496,0.148,2018,5.566,5.663170825856184,0,1
0.775,1.312,0.513,0.643,0.105,2018,5.524,5.5695575290685895,1,0
0.62,1.205,0.622,0.459,0.074,2018,5.504,5.136319286251393,1,0
1.039,1.498,0.7,0.307,0.154,2018,5.483,5.70759721735854,1,0
1.148,1.38,0.686,0.324,0.109,2018,5.483,5.709909215945203,0,1
0.652,0.81,0.424,0.334,0.113,2018,5.472,4.4751005381985465,0,1
1.405,1.29,1.03,0.524,0.291,2018,5.43,6.70756826347602,0,1
1.188,1.429,0.884,0.562,0.017,2018,5.41,6.312741279618194,1,0
1.154,1.202,0.879,0.131,0.044,2018,5.358,5.443590027521736,1,0
0.965,1.179,0.785,0.503,0.136,2018,5.358,5.761176089092544,1,0
1.017,1.279,0.729,0.259,0.081,2018,5.347,5.420942501580555,1,0
1.115,1.161,0.737,0.38,0.039,2018,5.321,5.598300005771449,1,0
0.982,1.441,0.614,0.578,0.106,2018,5.302,5.89743462266685,1,0
0.979,1.154,0.687,0.077,0.135,2018,5.295,4.990758791021079,1,0
0.779,0.797,0.669,0.46,0.074,2018,5.254,5.032116452163422,1,0
0.989,1.142,0.799,0.597,0.103,2018,5.246,5.895921463224909,1,0
1.024,1.161,0.603,0.43,0.176,2018,5.201,5.524776944893688,1,0
0.474,1.166,0.598,0.292,0.034,2018,5.199,4.642688110851225,1,0
0.959,1.239,0.691,0.394,0.052,2018,5.185,5.477318431162217,1,0
0.822,1.265,0.645,0.468,0.134,2018,5.161,5.472804164250732,1,0
0.689,1.172,0.048,0.462,0.032,2018,5.155,4.538074834494637,1,0
0.53,1.416,0.594,0.54,0.035,2018,5.131,5.278660062999279,1,0
0.915,1.078,0.758,0.28,0.0,2018,5.129,5.166378235674756,1,0
0.914,1.517,0.575,0.395,0.032,2018,5.125,5.513133984669793,1,0
0.715,1.365,0.702,0.618,0.079,2018,5.103,5.697823013565596,1,0
0.899,1.215,0.522,0.538,0.018,2018,5.093,5.41307760697606,1,0
0.796,1.335,0.527,0.541,0.171,2018,5.082,5.510230405992473,0,1
0.0,0.712,0.115,0.674,0.282,2018,4.982,4.017538830700545,1,0
0.535,0.891,0.182,0.454,0.043,2018,4.975,4.294749709339811,1,0
1.054,1.515,0.712,0.359,0.009,2018,4.933,5.73551916635418,1,0
0.425,1.228,0.539,0.526,0.078,2018,4.88,4.967072059761193,1,0
0.996,1.469,0.657,0.133,0.052,2018,4.806,5.257670593569941,1,0
1.036,1.164,0.404,0.356,0.052,2018,4.758,5.128962099938349,1,0
0.642,1.217,0.602,0.266,0.076,2018,4.743,4.85011169340504,1,0
0.94,1.41,0.33,0.516,0.056,2018,4.724,5.393081785727389,1,0
1.059,0.771,0.691,0.459,0.129,2018,4.707,5.362265508784816,1,0
0.541,0.872,0.08,0.467,0.103,2018,4.671,4.23478052202762,0,1
0.592,0.896,0.337,0.499,0.029,2018,4.657,4.586514884967016,1,0
0.429,1.117,0.433,0.406,0.082,2018,4.631,4.585783319064291,1,0
0.72,1.034,0.441,0.626,0.174,2018,4.623,5.232928644656198,0,1
0.9,0.906,0.69,0.271,0.063,2018,4.592,4.968187184804208,1,0
0.916,0.817,0.79,0.419,0.032,2018,4.586,5.23132650929756,0,1
0.256,0.813,0.0,0.355,0.053,2018,4.571,3.5979508205236357,1,0
0.682,0.811,0.343,0.514,0.077,2018,4.559,4.674301482484225,1,0
0.532,0.85,0.579,0.58,0.144,2018,4.5,4.949663989360943,0,1
0.918,1.314,0.672,0.585,0.05,2018,4.471,5.7671824596827435,0,1
1.01,0.971,0.536,0.304,0.095,2018,4.456,5.039692922155297,1,0
0.37,1.233,0.152,0.367,0.056,2018,4.447,4.23441629981366,1,0
0.874,1.281,0.365,0.519,0.064,2018,4.441,5.269815169726883,1,0
0.549,1.088,0.457,0.696,0.065,2018,4.433,5.151406875478358,1,0
0.314,1.097,0.254,0.312,0.128,2018,4.424,4.140689798660674,0,1
0.885,1.025,0.553,0.312,0.107,2018,4.419,4.990400464013931,1,0
0.198,0.902,0.173,0.531,0.158,2018,4.417,4.135611161250807,0,1
0.493,1.048,0.454,0.504,0.055,2018,4.41,4.7546845064318575,0,1
0.562,1.047,0.295,0.503,0.082,2018,4.377,4.669904045053073,1,0
0.557,1.245,0.292,0.129,0.093,2018,4.356,4.24711861664926,1,0
0.308,0.95,0.391,0.452,0.146,2018,4.35,4.394610512785562,1,0
0.853,0.592,0.643,0.375,0.215,2018,4.34,4.879682436361264,1,0
0.816,0.99,0.666,0.26,0.028,2018,4.321,4.88105224603737,0,1
0.682,1.174,0.429,0.58,0.178,2018,4.308,5.222488334989862,1,0
0.358,0.907,0.053,0.189,0.06,2018,4.301,3.5842423241122674,0,1
0.069,1.136,0.204,0.312,0.052,2018,4.245,3.8118377719469834,1,0
0.721,0.747,0.485,0.539,0.093,2018,4.19,4.867247491659583,1,0
0.131,0.867,0.221,0.39,0.099,2018,4.166,3.8334450144900245,1,0
0.322,1.09,0.237,0.45,0.061,2018,4.161,4.29472506621758,0,1
0.378,0.372,0.24,0.44,0.067,2018,4.141,3.7769224889989346,1,0
0.605,1.24,0.312,0.016,0.082,2018,4.139,4.133122695991972,1,0
0.793,1.413,0.609,0.163,0.011,2018,4.103,4.968915989005296,1,0
0.259,0.474,0.253,0.434,0.101,2018,3.999,3.7602501263602903,1,0
0.344,0.792,0.211,0.394,0.094,2018,3.964,3.9887691924043054,1,0
0.472,1.215,0.079,0.423,0.112,2018,3.808,4.370807372696163,1,0
0.73,1.125,0.269,0.0,0.061,2018,3.795,4.087770024014844,0,1
0.262,0.908,0.402,0.221,0.049,2018,3.774,3.904882118104382,1,0
0.357,1.094,0.248,0.406,0.099,2018,3.692,4.303140739984144,1,0
0.332,0.537,0.255,0.085,0.036,2018,3.632,3.306654561450671,1,0
1.017,1.174,0.417,0.557,0.092,2018,3.59,5.467890262661854,1,0
0.186,0.541,0.306,0.531,0.08,2018,3.587,3.9306066435585194,0,1
0.315,0.714,0.289,0.025,0.104,2018,3.582,3.417335316758596,0,1
0.076,0.858,0.267,0.419,0.03,2018,3.495,3.818484312839047,1,0
0.689,0.382,0.539,0.088,0.144,2018,3.462,3.9396302020588507,1,0
0.332,0.896,0.4,0.636,0.444,2018,3.408,4.8655058338184745,1,0
0.442,1.073,0.343,0.244,0.064,2018,3.355,4.204954074806636,1,0
0.455,0.991,0.381,0.481,0.097,2018,3.303,4.582687297434035,1,0
0.337,0.608,0.177,0.112,0.106,2018,3.254,3.37098952416855,1,0
0.024,0.0,0.01,0.305,0.038,2018,3.083,2.636112297112305,1,0
0.091,0.627,0.145,0.065,0.076,2018,2.905,3.002109668205293,0,1
1.34,1.587,0.986,0.596,0.393,2019,7.769,6.909420405032506,1,0
1.383,1.573,0.996,0.592,0.41,2019,7.6,6.959007359899658,0,1
1.488,1.582,1.028,0.603,0.341,2019,7.554,7.082487783675049,1,0
1.38,1.624,1.026,0.591,0.118,2019,7.494,6.836701744882333,0,1
1.396,1.522,0.999,0.557,0.298,2019,7.488,6.808338768603903,0,1
1.452,1.526,1.052,0.572,0.343,2019,7.48,6.979939031879752,0,1
1.387,1.487,1.009,0.574,0.373,2019,7.343,6.857269235139,1,0
1.303,1.557,1.026,0.585,0.38,2019,7.307,6.8648515691729415,1,0
1.365,1.505,1.039,0.584,0.308,2019,7.278,6.854065565517544,1,0
1.376,1.475,1.016,0.532,0.226,2019,7.246,6.683058562139536,1,0
1.372,1.548,1.036,0.557,0.29,2019,7.228,6.8386728221152,0,1
1.034,1.441,0.963,0.558,0.093,2019,7.167,6.194865224172759,1,0
1.276,1.455,1.029,0.371,0.082,2019,7.139,6.234026336017081,0,1
1.609,1.479,1.012,0.526,0.316,2019,7.09,6.974779654368717,1,0
1.333,1.538,0.996,0.45,0.278,2019,7.054,6.5734749285968235,0,1
1.499,1.553,0.999,0.516,0.31,2019,7.021,6.884936830702912,0,1
1.373,1.454,0.987,0.495,0.265,2019,6.985,6.600154484812208,1,0
1.356,1.504,0.986,0.473,0.21,2019,6.923,6.550983646358247,0,1
1.433,1.457,0.874,0.454,0.128,2019,6.892,6.390140449433005,1,0
1.269,1.487,0.92,0.457,0.036,2019,6.852,6.236947313248265,1,0
1.503,1.31,0.825,0.598,0.182,2019,6.825,6.551751889517703,1,0
1.3,1.52,0.999,0.564,0.151,2019,6.726,6.621388094097853,0,1
1.07,1.323,0.861,0.433,0.073,2019,6.595,5.8224235356096585,0,1
1.324,1.472,1.045,0.436,0.183,2019,6.592,6.481306609220951,1,0
1.368,1.43,0.914,0.351,0.097,2019,6.446,6.164734238180813,1,0
1.159,1.369,0.92,0.357,0.056,2019,6.444,5.887122207816418,1,0
0.8,1.269,0.746,0.535,0.078,2019,6.436,5.534001470439648,0,1
1.403,1.357,0.795,0.439,0.132,2019,6.375,6.173569521210794,1,0
1.684,1.313,0.871,0.555,0.167,2019,6.374,6.716803576002349,1,0
1.286,1.484,1.062,0.362,0.079,2019,6.354,6.287278364328131,1,0
1.149,1.442,0.91,0.516,0.054,2019,6.321,6.168074730974581,1,0
1.004,1.439,0.802,0.39,0.086,2019,6.3,5.723359257145887,1,0
1.124,1.465,0.891,0.523,0.15,2019,6.293,6.2130117720454905,0,1
1.572,1.463,1.141,0.556,0.453,2019,6.262,7.198861502035413,1,0
0.794,1.242,0.789,0.43,0.074,2019,6.253,5.388011125227138,1,0
1.294,1.488,1.039,0.231,0.03,2019,6.223,6.039440447636537,0,1
1.362,1.368,0.871,0.536,0.11,2019,6.199,6.3573105269788925,1,0
1.246,1.504,0.881,0.334,0.014,2019,6.198,5.97965544364564,1,0
1.231,1.477,0.713,0.489,0.016,2019,6.192,6.001628662977083,1,0
1.206,1.438,0.884,0.483,0.05,2019,6.182,6.142698498935147,1,0
0.745,1.529,0.756,0.631,0.24,2019,6.174,5.947108217033048,1,0
1.238,1.515,0.818,0.291,0.042,2019,6.149,5.863580816001928,1,0
0.985,1.41,0.841,0.47,0.034,2019,6.125,5.812537219775777,1,0
1.258,1.523,0.953,0.564,0.057,2019,6.118,6.468760497230562,1,0
0.694,1.325,0.835,0.435,0.127,2019,6.105,5.441286527502513,1,0
0.882,1.232,0.758,0.489,0.006,2019,6.1,5.485336529240044,0,1
1.092,1.432,0.881,0.471,0.05,2019,6.086,5.997035902291628,1,0
1.162,1.232,0.825,0.462,0.005,2019,6.07,5.808060737792886,0,1
1.263,1.223,1.042,0.406,0.041,2019,6.046,6.078340517341587,0,1
0.912,1.312,0.868,0.498,0.087,2019,6.028,5.765814791046267,1,0
1.5,1.319,0.808,0.493,0.097,2019,6.021,6.319582143610461,1,0
1.05,1.409,0.828,0.557,0.028,2019,6.008,5.996159992026577,1,0
1.187,1.465,0.812,0.264,0.064,2019,5.94,5.736851775140053,1,0
1.301,1.219,1.036,0.159,0.056,2019,5.895,5.736357500597563,1,0
1.237,1.528,0.874,0.495,0.161,2019,5.893,6.326411425107636,0,1
0.831,1.478,0.831,0.49,0.028,2019,5.89,5.721594326174426,1,0
1.12,1.402,0.798,0.498,0.06,2019,5.888,5.960953043350031,1,0
1.327,1.419,1.088,0.445,0.14,2019,5.886,6.474934946852244,1,0
0.642,1.236,0.828,0.507,0.078,2019,5.86,5.38830142863128,1,0
1.173,1.508,0.729,0.41,0.096,2019,5.809,5.912933734903419,1,0
0.776,1.209,0.706,0.511,0.064,2019,5.779,5.371917974213773,1,0
1.201,1.41,0.828,0.199,0.02,2019,5.758,5.596117188387751,1,0
0.855,1.475,0.777,0.514,0.08,2019,5.743,5.756847339122885,1,0
0.96,1.274,0.854,0.455,0.027,2019,5.697,5.665145888641433,0,1
1.221,1.431,0.999,0.508,0.025,2019,5.693,6.299685451907749,1,0
0.677,0.886,0.535,0.313,0.098,2019,5.653,4.543907000881518,0,1
1.183,1.452,0.726,0.334,0.031,2019,5.648,5.715956081904579,1,0
0.807,1.293,0.657,0.558,0.107,2019,5.631,5.5184090174924165,1,0
0.685,1.328,0.739,0.245,0.0,2019,5.529,4.953779411251304,1,0
1.044,1.303,0.673,0.416,0.152,2019,5.525,5.601131585748419,1,0
1.051,1.361,0.871,0.197,0.08,2019,5.523,5.483217560394621,1,0
0.493,1.098,0.718,0.389,0.144,2019,5.467,4.864982912292135,1,0
1.155,1.266,0.914,0.296,0.022,2019,5.432,5.678491795298925,0,1
1.438,1.277,1.122,0.44,0.287,2019,5.43,6.603542480409004,1,0
1.015,1.401,0.779,0.497,0.101,2019,5.425,5.8550721552779805,1,0
0.945,1.212,0.845,0.212,0.006,2019,5.386,5.201353183253218,1,0
1.183,1.36,0.808,0.195,0.106,2019,5.373,5.566008265565756,0,1
1.221,1.171,0.828,0.508,0.024,2019,5.339,5.908198964981494,0,1
1.067,1.465,0.789,0.235,0.142,2019,5.323,5.592608172480453,0,1
1.181,1.156,0.999,0.067,0.034,2019,5.287,5.36450664012952,1,0
0.948,1.531,0.667,0.317,0.038,2019,5.285,5.447310357505216,1,0
0.983,1.294,0.838,0.345,0.034,2019,5.274,5.522205326253584,1,0
0.696,1.111,0.245,0.426,0.041,2019,5.265,4.565270760285443,1,0
0.551,1.438,0.723,0.508,0.023,2019,5.261,5.305008575082809,1,0
1.052,1.538,0.657,0.394,0.028,2019,5.247,5.66319423376396,0,1
1.002,1.16,0.785,0.086,0.114,2019,5.211,5.0304826098277715,1,0
0.801,0.782,0.782,0.418,0.076,2019,5.208,5.006588519804524,0,1
1.043,1.147,0.769,0.351,0.182,2019,5.208,5.4997038371558915,0,1
0.987,1.224,0.815,0.216,0.027,2019,5.197,5.242130917867684,1,0
0.931,1.203,0.66,0.491,0.028,2019,5.192,5.424928797741643,0,1
1.029,1.125,0.893,0.521,0.1,2019,5.191,5.811229543150887,1,0
0.741,1.346,0.851,0.543,0.073,2019,5.175,5.656058771314434,0,1
0.813,1.321,0.604,0.457,0.167,2019,5.082,5.3724544267014664,0,1
0.549,0.91,0.331,0.381,0.037,2019,5.044,4.2736006640646735,0,1
1.092,1.513,0.815,0.311,0.004,2019,5.011,5.712326461858709,1,0
0.611,0.868,0.486,0.381,0.04,2019,4.996,4.474935101350667,1,0
0.569,0.808,0.232,0.352,0.09,2019,4.944,4.096356506198475,1,0
0.446,1.226,0.677,0.439,0.089,2019,4.913,4.914160888979154,1,0
0.837,1.225,0.815,0.383,0.13,2019,4.906,5.411516189574257,1,0
0.393,0.437,0.397,0.349,0.082,2019,4.883,3.7877439917569404,1,0
0.673,0.799,0.508,0.372,0.093,2019,4.812,4.529607946242919,0,1
1.057,1.183,0.571,0.295,0.055,2019,4.799,5.159035922373306,1,0
0.764,1.03,0.551,0.547,0.164,2019,4.796,5.1708211996985085,0,1
0.96,1.351,0.469,0.389,0.055,2019,4.722,5.225456154069292,1,0
0.947,0.848,0.874,0.383,0.027,2019,4.719,5.224904279867843,0,1
0.96,1.427,0.805,0.154,0.047,2019,4.707,5.280893180847897,0,1
0.574,1.122,0.637,0.609,0.062,2019,4.7,5.167498158312526,0,1
0.657,1.247,0.672,0.225,0.066,2019,4.696,4.800031808575852,1,0
0.45,1.134,0.571,0.292,0.072,2019,4.681,4.492469810134708,1,0
0.0,0.698,0.268,0.559,0.27,2019,4.668,3.8911484050331637,1,0
0.879,1.313,0.477,0.401,0.056,2019,4.639,5.138620712720126,0,1
0.138,0.774,0.366,0.318,0.102,2019,4.628,3.7194619178702055,0,1
0.331,1.056,0.38,0.255,0.113,2019,4.587,4.069168706546321,1,0
0.85,1.055,0.815,0.283,0.064,2019,4.559,5.092982924103751,1,0
1.1,0.842,0.785,0.305,0.125,2019,4.548,5.22701216671021,1,0
0.38,0.829,0.375,0.332,0.086,2019,4.534,4.036787965451651,1,0
0.886,0.666,0.752,0.346,0.164,2019,4.519,4.917253468998041,1,0
0.308,0.939,0.428,0.382,0.167,2019,4.516,4.236083109220402,0,1
0.512,0.983,0.581,0.431,0.053,2019,4.509,4.651095507299971,1,0
0.57,1.167,0.489,0.066,0.088,2019,4.49,4.216267117475354,1,0
0.204,0.986,0.39,0.494,0.138,2019,4.466,4.277667450092281,0,1
0.921,1.0,0.815,0.167,0.055,2019,4.461,4.938476651291751,1,0
0.562,0.928,0.723,0.527,0.143,2019,4.456,5.020672609549393,1,0
1.043,0.98,0.574,0.241,0.089,2019,4.437,4.925762269580105,1,0
0.094,1.125,0.357,0.269,0.053,2019,4.418,3.833719588486616,1,0
0.385,1.105,0.308,0.327,0.052,2019,4.39,4.157913077389679,1,0
0.268,0.841,0.242,0.309,0.045,2019,4.374,3.722956640067679,1,0
0.949,1.265,0.831,0.47,0.047,2019,4.366,5.6578612441473695,1,0
0.71,1.181,0.555,0.525,0.172,2019,4.36,5.2093963462658905,1,0
0.35,0.766,0.192,0.174,0.078,2019,4.35,3.5080099834468683,1,0
0.82,1.39,0.739,0.178,0.01,2019,4.332,5.046843514908176,1,0
0.336,1.033,0.532,0.344,0.1,2019,4.286,4.349867219031921,0,1
0.811,1.149,0.0,0.313,0.135,2019,4.212,4.336866100097609,1,0
0.332,1.069,0.443,0.356,0.06,2019,4.189,4.270266100662951,1,0
0.913,1.039,0.644,0.241,0.067,2019,4.166,4.898042380481456,0,1
0.578,1.058,0.426,0.431,0.087,2019,4.107,4.633747402410108,1,0
0.275,0.572,0.41,0.293,0.085,2019,4.085,3.700714080695633,1,0
0.755,0.765,0.588,0.498,0.085,2019,4.015,4.864561362565951,1,0
0.073,0.922,0.443,0.37,0.033,2019,3.975,3.887374792555647,1,0
0.274,0.757,0.505,0.142,0.078,2019,3.973,3.7109023860124353,1,0
0.274,0.916,0.555,0.148,0.041,2019,3.933,3.8759674056559277,0,1
0.489,1.169,0.168,0.359,0.093,2019,3.802,4.2418406874461425,0,1
0.046,0.447,0.38,0.22,0.18,2019,3.775,3.279181381299395,1,0
0.366,1.114,0.433,0.361,0.089,2019,3.663,4.3572094679407485,1,0
0.323,0.688,0.449,0.026,0.11,2019,3.597,3.4884424477052107,1,0
1.041,1.145,0.538,0.455,0.1,2019,3.488,5.353203842355185,1,0
0.619,0.378,0.44,0.013,0.141,2019,3.462,3.5428657948302487,0,1
0.191,0.56,0.495,0.443,0.089,2019,3.41,3.929958776681076,1,0
0.287,1.163,0.463,0.143,0.077,2019,3.38,4.001098115121721,1,0
0.359,0.711,0.614,0.555,0.411,2019,3.334,4.736952769206113,0,1
0.476,0.885,0.499,0.417,0.147,2019,3.231,4.486836487294255,0,1
0.35,0.517,0.361,0.0,0.025,2019,3.203,3.1904640887990467,1,0
0.026,0.0,0.105,0.225,0.035,2019,3.083,2.5200627899517656,0,1
0.306,0.575,0.295,0.01,0.091,2019,2.853,3.177419721823213,1,0
